1e-3, 1e-8
5.2e-3, 1e-8
0.005217386213608647, 0.000026560848579848926
0.0052334163600767725, 0.000007898059012630694
0.005242414745595909, 0.000005286501872530978
0.005242414745595909, 0.000010466824685338642
0.005280182846031136, 0.000021317842602580878
0.005301282570357034, 0.000017037707351059826
0.005628087381251067, 0.0000339064798814883
0.006119735623059839, 0.00003738931760720339
0.006790664935535687, 0.000040824558968127394
0.007386744984629475, 0.00004503846886478691
0.008058238167100317, 0.000051315990675934935
0.0102556275695371, 0.00006804003136161643
0.011932616638512767, 0.00007962031487979775
0.013311859746492155, 0.00009317154055773111
0.015102538067913208, 0.00010902915899047225
0.01670701658667554, 0.00012510354739327743
0.019114554921391965, 0.00014639593246354156
0.022240146158414253, 0.0001781776564125778
0.025231835400152433, 0.00020444674699712163
0.027596134538117358, 0.00029005939053125096
0.027678574997445166, 0.00023002484356894617
0.027912440322745105, 0.0008749425190411043
0.0306191190843828, 0.0008923021622735069
0.03415825976482947, 0.0008923021622735069
0.039410786644955134, 0.000910006236376051
0.04509001603679834, 0.0009652540627095589
0.052906364193453154, 0.0009280615751656927
0.06207767524158657, 0.0009844055678571546
0.0766103513889195, 0.0010039370560201936
0.0861875587941825, 0.0010238560664020417
0.09614963166232264, 0.0010441702877906076
0.10726318041884614, 0.0011075634123830268
0.11966129952502419, 0.0011075634123830268
0.13922818511269433, 0.001151949517272395
0.1540196480585282, 0.0011981144153985425
0.17473798870390528, 0.0011981144153985425
0.19493524919781838, 0.0012218860785081524
0.2193044797041042, 0.0012708537159699495
0.22681084918877464, 0.0009280615751656927
0.23065983943975418, 0.0012960685919528767
0.24057050914057015, 0.000910006236376051
0.2467201545959603, 0.0012960685919528767
0.25949506969688513, 0.0009464751480484411
0.26612847909423215, 0.0013480091272062595
0.2775631157465839, 0.0009280615751656927
0.2799083372170296, 0.0012960685919528767
0.2894890598900256, 0.0010441702877906076
0.29193504755984656, 0.0014020312029114042
0.30705114317704024, 0.001429848757726219
0.3229499346322915, 0.0011295384624895224
0.33546907346773985, 0.0015214035641836663
0.3572598122451213, 0.0010238560664020417
0.36623201811474787, 0.0015269950407637454
0.39855403535849476, 0.0011748052274549387
0.40531751515705866, 0.0015467488265846008
0.43353884335863724, 0.0012461293927052812
0.4364796014032988, 0.0017032009214938083
0.467643323263367, 0.0011748052274549387
0.4755792513665168, 0.001458218237743746
0.4836498525243761, 0.0010238560664020417
0.500204254418732, 0.001516656993419889
0.544111851003354, 0.0016087354856658873
0.5580208500061854, 0.0011748052274549387
0.5968745608931825, 0.0018459145969550856
0.6173044262388871, 0.001516656993419889
0.6658648879420829, 0.0018825391958781595
0.7003426849671252, 0.0014871505936543477
0.7554353794091035, 0.002036449852818351
0.7682551515716363, 0.001516656993419889
0.7945510440859124, 0.001957982805943623
0.8286902031935407, 0.001458218237743746
0.893879398613988, 0.002246652152751136
0.9244751668800297, 0.0016406542385881638
1.0056249818232057, 0.0023830497322460792
1.0226904827241678, 0.0016732062881568985
1.048833270972917, 0.0025277282107975603
1.0938980735197599, 0.002036449852818351
1.1899197184628143, 0.002629028062563948
1.2306483760621867, 0.002036449852818351
1.272771097079543, 0.002900396269629771
1.3053066352918914, 0.002036449852818351
1.3961921400646051, 0.0031375238132278016
1.4561817731652984, 0.0021600857393738746
1.5187489570029478, 0.0030764836226582423
1.5575723674645117, 0.0021600857393738746
1.59738821133182, 0.00319977509584977
1.6660225561095627, 0.0023830497322460792
1.7230472958359309, 0.00319977509584977
1.7820238824499304, 0.002430331573346001
1.8742952408373272, 0.003263261499675196
1.9548273399615934, 0.0027886402498439834
2.0217373105754453, 0.004050499029240916
2.073418490069929, 0.0030166309624746097
2.199204066303023, 0.004557252288247104
2.453401208755323, 0.003671524379881271
2.4950355369544197, 0.004929839321261895
2.6242259033052373, 0.004050499029240916
2.736979975323812, 0.005229137167568773
2.9772302561942867, 0.005656655456937221
3.1426782745469843, 0.005858346562388983
3.490671999121954, 0.0057279788705940195
3.552614729174752, 0.006490627558690314
3.841287799923953, 0.007251974131574642
4.239198962757606, 0.007746017936500488
4.562902220404027, 0.008522302109506948
4.974063527259012, 0.00888802895483078
5.128478318384057, 0.007134971697570772
5.13257048460097, 0.005885687433658456
5.558719497990278, 0.007388304502091064
5.74503341156921, 0.005155647095390711
6.058788376710556, 0.005594431020786608
6.198917696876797, 0.004647613610247396
6.867051873002231, 0.005090658779330088
7.005357242934479, 0.0065662492875141025
7.906192307762754, 0.005940752570793182
8.42712126806552, 0.006637976057815608
8.619734002912443, 0.005389876864458413
9.417683335103096, 0.0065662492875141025
9.66371909642562, 0.005366504743270884
10.456810737330924, 0.006577582524138002
11.155678879735062, 0.006648286500767433
11.327532231078008, 0.007550599171730675
12.595793569597244, 0.007207092005543764
13.662775241157446, 0.007837156078722452
14.133862267860502, 0.006311451065553596
15.06512448482301, 0.006287009359312731
15.50044245303915, 0.007533876464742614
16.906084479653995, 0.007503868869403909
17.252834166758436, 0.00872303470752046
18.401828675062628, 0.007249160828130269
19.88471442250262, 0.009045659863714436
20.83729767734779, 0.00821494248916021
21.946096787371005, 0.008822884563986867
22.37619907927245, 0.007025960897002353
23.23713102880992, 0.009310596166860292
25.821654712119614, 0.010049755191728509
28.24454883729647, 0.010656618156673544
30.736390798808713, 0.011806097735613695
32.860438557020444, 0.01709930448897817
34.25808227351173, 0.013079566302708871
35.6519235548545, 0.02087448144415656
35.6519235548545, 0.010656618156673544
39.410786644954996, 0.017678290778230337
43.966120777173934, 0.01510709246486245
50.301789425772704, 0.01290985908111359
57.0682612462975, 0.010400754524690067
65.29199322940042, 0.008379308713068447
71.0232809455631, 0.007021281450890492
77.25765728348094, 0.005656655456937221
