0.0020437835483546915, 0.0003266264660794578
0.0021697753790416935, 0.00032738776083649233
0.0022490686068341423, 0.0003281508300048722
0.0023877155155754425, 0.00032738776083649233
0.0024749732437757237, 0.0003281508300048722
0.002627546352672547, 0.00032738776083649233
0.0027235685646905005, 0.0003281508300048722
0.0028914666719745017, 0.00032738776083649233
0.002997133704465399, 0.00032968230812836433
0.003181896108753911, 0.0003310667485170551
0.0032981767225908854, 0.0003319929371065559
0.003501497335257043, 0.0003335423463228152
0.0036294575971813933, 0.0003335423463228152
0.003853200472222082, 0.0003335423463228152
0.00399401352859883, 0.00033431976048203034
0.004240229952379088, 0.0003335423463228152
0.0043951867846641225, 0.00033431976048203034
0.004666134082217698, 0.000336662891755702
0.004836655342743198, 0.0003374475792228816
0.005134817573046336, 0.0003398126322935165
0.0053224666096355734, 0.00034060466111605637
0.005650577339589478, 0.0003398126322935165
0.005857074528411302, 0.00034060466111605637
0.006218141894326263, 0.0003417166037878971
0.006445380412393664, 0.00034539575195841705
0.006842714698739874, 0.0003462007938101205
0.007092777880655755, 0.00034700771203806575
0.007530021868924233, 0.00034684617807259995
0.007805202307001855, 0.0003510706022484631
0.008286364672915426, 0.0003527090468232848
0.008589185235784462, 0.0003535311343636126
0.009118677301046192, 0.0003527090468232848
0.009451914263444121, 0.0003560089114951521
0.010034590438965063, 0.0003593396489414792
0.01040129893476899, 0.0003601771909631574
0.010954775262675685, 0.0003613530303857404
0.011400486667857174, 0.0003647337661785464
0.012151650241376809, 0.0003660949002141134
0.012595725503706131, 0.00036780346310512184
0.013265972166438626, 0.00037159042183958517
0.013750769700341087, 0.0003729771439293875
0.014598454695797708, 0.0003757661325645979
0.015192414644762745, 0.00037787155166019723
0.01606477662032294, 0.00038069713891213195
0.016651854897777006, 0.00038087443802158646
0.017678381256008156, 0.0003871322029269815
0.018324427812474064, 0.0003871322029269815
0.01945406221443608, 0.00039440992837198543
0.020165000038488173, 0.00039440992837198543
0.021408099031381973, 0.00040182446828825367
0.022190446038125308, 0.00040182446828825367
0.02355840641844802, 0.0004093783946606304
0.024419335206104415, 0.0004093783946606304
0.02592469850607494, 0.0004178518338626379
0.02687210211473817, 0.0004190208114248945
0.028528669583719676, 0.0004272957374159087
0.02957123385915931, 0.00042889034374354114
0.031394192994234224, 0.00043695308340761286
0.0325414762201833, 0.0004410411158983772
0.03454754000591986, 0.0004468286958677993
0.035810060534919495, 0.00045248149291380674
0.03801762066888724, 0.00046120241646392245
0.03940695335509198, 0.00046313915142655754
0.041836248863905696, 0.00047162609008851336
0.04336513118195114, 0.00047848292077535566
0.04603843397372404, 0.00048679750075990855
0.04753094810467454, 0.0004916570011257127
0.05066270185092005, 0.0005024569499571557
0.05230512953357728, 0.0005071578215487157
0.05575144802492939, 0.0005205555529229974
0.05755884712207617, 0.0005264052446199601
0.06135132638647373, 0.0005413186841081491
0.06334026722743782, 0.0005463831371410336
0.06697732176702588, 0.0005618625647044933
0.06942497053431274, 0.0005684410522554445
0.07370476774671864, 0.0005821009701655449
0.07609419323072152, 0.000588642272420128
0.0811079428869041, 0.0006075778950269117
0.0837373709634569, 0.0006147870443606065
0.0892547198839545, 0.0006365365042409973
0.09214825728700482, 0.0006440892587980375
0.09821978881490619, 0.0006668753497251621
0.10140396364650202, 0.0006768859450756171
0.10722666952471425, 0.0006986602168265932
0.11070283727559241, 0.0007091479409882294
0.1179969064911768, 0.0007346915960796448
0.12182223318337149, 0.000747574322688138
0.12881737427791998, 0.0007711436307673572
0.13352493318051717, 0.0007856404139875504
0.14175626021478963, 0.0008154566817988385
0.1463518383711193, 0.0008307865091744888
0.15599477494960506, 0.0008639236627020688
0.16105194970276038, 0.0008812581477461689
0.17029969604826678, 0.0009152712972197773
0.17652320320120704, 0.0009333462997964709
0.18740521736946786, 0.0009696707981053054
0.19348068325732634, 0.000988513204186203
0.20459051635665407, 0.0010311373035398383
0.21206716236081663, 0.001053460653750048
0.2251403324800041, 0.0011026438063995838
0.23243912826148283, 0.0011261655924211366
0.24578598995983544, 0.0011725393437828327
0.2547681015084905, 0.0012001571007839635
0.2704736293935484, 0.0012561891031954053
0.27924207955737745, 0.0012869750386772284
0.2952764083904303, 0.0013458064937044397
0.30606711960339406, 0.0013800732829863062
0.32235363405831485, 0.0014418172501973192
0.33413386734052586, 0.0014764648274630983
0.35473200635316826, 0.0015504419943014529
0.36623201811474787, 0.001589425743131499
0.38726138667178056, 0.0016672503934631734
0.4014136374739568, 0.0017136866952623502
0.42277375292050773, 0.0017928589942221604
0.4382237832871534, 0.001837652753523068
0.46154264873811907, 0.0019315248234232875
0.47840946672113327, 0.001979783084838702
0.5079016722820954, 0.0021160900229205137
0.5202014925453367, 0.00210822243954026
0.5544769075758471, 0.002237689166622933
0.574739956075126, 0.002313977496835317
0.6053231517302736, 0.0024378503526368235
0.627444347786701, 0.002510420619263363
0.6661240123213822, 0.0026362033683890495
0.6849817998698853, 0.002673285332492255
0.7537838650185411, 0.002961640123215026
0.7938943866237967, 0.0031172796892602246
0.8229068130020102, 0.003213066005319855
0.8666955209245629, 0.003377197752227514
0.8983684240421737, 0.003477730642224069
0.9461726126886598, 0.00365197973719284
0.9807499616776745, 0.003764196066884172
1.0329378557847726, 0.003971245985856214
1.0706859920597622, 0.0040932725798966205
1.12765958304516, 0.004310387995200061
1.168869271870289, 0.004440767422713246
1.2310674142806741, 0.004704706139111453
1.2760560844680595, 0.004828991689621689
1.354720306161618, 0.00511600466434704
1.3986388113302741, 0.005267480998402066
1.4789498971633508, 0.005573631030217029
1.5329972940608059, 0.005736875859504515
1.614571501121754, 0.006072192052030321
1.6735751136902528, 0.006267524162006773
1.7626297802478075, 0.006615349332749864
1.8270440998262112, 0.006799600216316586
1.9242651936181736, 0.0071936816119668005
1.9945863889845028, 0.007394040221381553
2.100722781870739, 0.007837156078722452
2.177492521116848, 0.008077972554623364
2.293361757468031, 0.008570052601221989
2.3771713803450836, 0.008804645412780417
2.503665974400083, 0.009319270488981441
2.5951610472734714, 0.009596687822419781
2.7332553579724967, 0.010133987092963329
2.810633065280825, 0.010459980253980167
2.9838983827207426, 0.011061053284074014
3.0929432803889463, 0.01148083734955884
3.283611996956794, 0.012185879857378864
3.3900629963286186, 0.012523337473228017
3.5847234319408217, 0.013226546639334223
3.7009361245961525, 0.013618162544436194
3.9134471720212396, 0.014436522940072727
4.040316717764339, 0.01490092137517575
4.272315301018705, 0.015698604017872635
4.393263371943311, 0.016431528247218215
4.66409209809041, 0.017015470801063012
4.796131262368436, 0.017456843258283193
5.078275725055616, 0.01869061932328552
5.256865595041066, 0.019160569448382077
5.558719497990278, 0.020073807812576464
5.738926917848994, 0.02045117673407448
6.117057516776287, 0.022197694878692695
6.29022973236921, 0.02265714955542333
6.624946893734843, 0.024273526113988402
6.839720203820486, 0.024868407256453885
7.23246302770995, 0.02605369476182715
8.119213959431432, 0.030239711265242056
8.619734002912443, 0.03185851671955677
8.899176062382226, 0.03257855366774606
9.410174675319238, 0.034514872510564794
9.715241930335843, 0.03553680010862029
10.273099771999913, 0.03774255226881089
10.606142085887587, 0.038884178582538044
11.215156207701758, 0.04127207050606641
11.57873892926797, 0.04241499778560149
12.243600427786504, 0.04496385518508439
12.69103595825555, 0.0461946757759488
13.36635430296986, 0.049168678053521306
13.854820245913718, 0.050585209783100174
14.592066149680837, 0.05346714094859514
14.945441223450478, 0.05386694895530527
15.93017734606593, 0.0584671538710896
16.51233676831614, 0.06037604833232922
17.390995056766666, 0.06357851544200441
18.026539245300413, 0.06596069899306566
18.985771626652646, 0.06926561052459788
19.67959603306304, 0.07156037560420621
20.72679125506143, 0.07560209044458742
21.484240250136665, 0.07854441528917899
22.627464618178067, 0.0831352788399911
23.454372658367507, 0.08561006132406125
24.702432168407626, 0.09057172544768567
25.605168737306364, 0.09201696405169628
7.769223020140413, 0.028328164131723326
0.7122275316418973, 0.002843969370085922
