0.0020437835483546915, 0.000012576736258383265
0.002152537831879625, 0.000012576736258383265
0.0022445883664388025, 0.000012576736258383265
0.0023219808757243676, 0.00001269440130848681
0.002426110340974006, 0.000012765528088166709
0.002529859854909933, 0.000012723989177699725
0.0026170884110406647, 0.000012783371965391921
0.0027344520033087, 0.000012789325465520058
0.002851387355107455, 0.000012783371965391921
0.0029497020508692535, 0.000012783371965391921
0.0030819817351741283, 0.000012813167205720416
0.0032137787526400952, 0.000012933044249356511
0.0033245885588719937, 0.000012993402695921314
0.0034736800662266394, 0.000013054042835025128
0.0036222275631616874, 0.000013023687471883215
0.003732206543350486, 0.000013054042835025128
0.003915160516620828, 0.000013054042835025128
0.004082587361855522, 0.000013114965981325483
0.004240229952379088, 0.000013176173455615416
0.004412750045676366, 0.000013274700131100482
0.004601455672385769, 0.000013268520686442185
0.004779133534016284, 0.000013324239405595695
0.004973579725007891, 0.000013299446702185584
0.005186268517548126, 0.000013361515146987764
0.00534373530079113, 0.000013423873264881372
0.005605686935575812, 0.000013423873264881372
0.005845406986647134, 0.000013392657912451765
0.006022886697120873, 0.000013507470362189633
0.0063181305532677414, 0.000013676229600240939
0.006592697901826786, 0.000013633843146375153
0.006788353487678386, 0.000013676229600240939
0.007121120773762033, 0.000013676229600240939
0.00742564641980508, 0.000013676229600240939
0.007651105755601175, 0.000013676229600240939
0.00802616543722379, 0.000013829914881838769
0.00836939416380635, 0.000013933330000054921
0.008623507804896874, 0.000013933330000054921
0.00904623494984674, 0.000013933330000054921
0.009565677815036729, 0.000013959304382744798
0.009981374004392349, 0.000014063687029007685
0.01027759743333062, 0.000014107409830791332
0.010867746228673267, 0.000014195263648323797
0.011491781893287024, 0.000014195263648323797
0.01224896079314992, 0.000014195263648323797
0.01295230702782863, 0.000014195263648323797
0.013506195915646736, 0.000014195263648323797
0.013916274417654596, 0.000014239395510578844
0.014598454695797708, 0.000014354781523857973
0.015222738988776975, 0.000014361466864304376
0.015684935601351084, 0.000014462121405624408
0.01645381622342421, 0.000014462121405624408
0.017398609000727636, 0.000014462121405624408
0.018154701313425205, 0.000014552184187548367
0.018693489647781416, 0.000014733995840627961
0.019609850563401972, 0.000014706579972614611
0.02046203692286992, 0.000014733995840627961
0.02106930148761689, 0.000014733995840627961
0.022102125468931134, 0.000014706579972614611
0.023047294670687977, 0.000014837261308366233
0.023747062401951253, 0.000014825751719108343
0.02491115109036441, 0.000014927343299907522
0.025993716359753716, 0.000014964458040288327
0.026765148007094723, 0.00001501098126221055
0.028077184229149815, 0.00001501098126221055
0.029297335975589183, 0.00001501098126221055
0.03016681119188972, 0.00001501098126221055
0.031645598044746454, 0.000015038964592243908
0.03302082254754142, 0.00001515142054836825
0.034000801984950584, 0.00001529317375216744
0.03566753230795695, 0.000015264717409595453
0.03721753823025857, 0.000015245775936932112
0.03847520200424914, 0.000015257611601138347
0.04020062629691236, 0.000015321683142785506
0.04194762713516626, 0.000015436253166319196
0.04319253289065995, 0.000015436253166319196
0.0453098448390127, 0.000015522742552574054
0.04727887726975842, 0.000015532382348452913
0.04868200184309237, 0.00001558067119854237
0.05106840933702286, 0.00001558067119854237
0.05328769202334571, 0.00001558067119854237
0.05486914392009014, 0.00001558067119854237
0.05755884712207617, 0.00001572644037263958
0.06006018512185054, 0.0000158243766940129
0.06184262849804629, 0.0000158243766940129
0.06487417417210814, 0.000015903164695632664
0.06769341474370115, 0.000015873573329583287
0.06970239421116677, 0.000015873573329583287
0.07311922814553437, 0.000015873573329583287
0.07629677448322762, 0.000015873573329583287
0.0785610811953502, 0.000015873573329583287
0.08241217083418903, 0.0000161418901885231
0.08599356109578085, 0.000016121860261762166
0.08854564536025133, 0.000016171981748336402
0.09288618156752727, 0.000016171981748336402
0.09692274149229492, 0.000016171981748336402
0.09979917782403747, 0.000016171981748336402
0.1046913658366629, 0.000016353712798606558
0.10924094430650494, 0.00001642493624397372
0.11248295558558206, 0.000016475999967890715
0.1179969064911768, 0.000016445342714733182
0.12312470457643422, 0.000016475999967890715
0.12677875282275708, 0.000016475999967890715
0.13299348833800007, 0.00001656831505950033
0.13877299370920465, 0.0000166818473342857
0.14289144594057876, 0.00001678573344728512
0.14989603088986336, 0.00001684837539389301
0.15641007098668727, 0.00001699545055276374
0.16105194970276038, 0.000017154456076910744
0.1689467684269686, 0.00001752039786410924
0.17617156146680482, 0.000017750309997194802
0.18260965265765794, 0.00001821074380073034
0.19041872151296566, 0.000018770315040804623
0.19975310890048192, 0.00001973833973098437
0.2082952957934718, 0.00002031645153679538
0.21590733089027592, 0.000020554323806475072
0.22484124037410722, 0.000021022136242867387
0.24644033205323992, 0.000021921792428160297
0.2537540946832517, 0.000022126887673176637
0.2661932025720245, 0.000022195678277079244
0.28147825327043213, 0.000022195678277079244
0.29371046927576966, 0.000022195678277079244
0.30242709709531124, 0.000022195678277079244
0.31725217132299155, 0.000022570860005458285
0.33103901646181216, 0.000022612936390315296
0.34222556448671626, 0.000022612936390315296
0.35757270424885557, 0.000022995171186329793
0.3731117610149302, 0.00002303803856809792
0.3841848302312927, 0.00002310966186231083
0.4030176950110401, 0.000023471132271546922
0.4205316572517112, 0.000023838256630093608
0.4330120361487824, 0.000023912367733914023
0.45423842637320544, 0.00002440731323375491
0.4739782907668625, 0.00002474295530799073
0.48804483856594044, 0.00002481987904272982
0.5119689545848695, 0.000025666049796240107
0.541366667791776, 0.00002649168304672071
0.5645175227615299, 0.00002711566284647304
0.5851474999276122, 0.000027883869092850665
0.6101705863359321, 0.00002864714973440551
0.6400813460557412, 0.00002990095503397097
0.6674536083189968, 0.00003103574248537146
0.691845327165352, 0.000031989394302079114
0.7214312100495694, 0.00003306459255875518
0.7567960015708107, 0.000035226071410786983
0.7875873780443313, 0.000037319746486937226
0.8196315476921898, 0.00003935419413676427
0.8495845242282857, 0.00004094295377200302
0.8806321155408592, 0.00004421243132067572
0.9164619494036302, 0.00004719046838446748
0.9537495736103808, 0.000050088452665750334
0.9846690596383801, 0.000053962464422771375
1.0206532397522516, 0.00005765090006741392
1.057952441604435, 0.00006278827716242072
1.100996817965975, 0.00006999414554047817
1.1457925191163154, 0.0000771838700863358
1.1951312728002157, 0.00008667370090279043
1.2409258159770653, 0.00009606537775466705
1.29141473755719, 0.00010692419749303058
1.333280947555166, 0.00011956587293205234
1.3765044128860875, 0.00013342578043952575
1.4211291342378332, 0.00014680798886918583
1.468873286368176, 0.00016856358790183872
1.5234201189344247, 0.00018600194162572548
1.5656554798816067, 0.00021209109080863793
1.614571501121754, 0.00024226892423241195
1.666914089104429, 0.000272599547359059
1.7229156148919456, 0.0003080905607884596
1.7682623373972983, 0.00034684617807259995
1.8073734962264107, 0.00039058088446593194
1.8638415515976832, 0.0004501699197871327
1.9220738473343646, 0.0005024569499571557
1.970864992972977, 0.0005694712724351218
2.0185932965002373, 0.000649106983605165
2.0674774331087633, 0.0007319600263787716
2.1199595958951996, 0.0008238162118788522
2.168825846343808, 0.0009538485854483355
2.2238807017441373, 0.001088844467295011
2.2824127042376694, 0.0012215808387363788
2.3302393602139793, 0.0013822168831936024
2.383499988813168, 0.0015836801422360537
2.4250486314903035, 0.0017925807558599118
2.4542365967440856, 0.0018941192900559436
2.483775869309644, 0.0020809155407779203
2.533800180584211, 0.0023338147410019846
2.5848320029427754, 0.002590774457512033
2.605531366687682, 0.002764710256942941
2.650950411053815, 0.003115667385914976
2.6935780932499207, 0.003478630358214283
2.7633963889153117, 0.003986684809349094
2.7332553579724967, 0.0036633334302775713
2.825081608295692, 0.004619532529366835
2.8836223606463713, 0.005237202686040971
2.9400242760541087, 0.005981062972172357
2.964130880915193, 0.006769764870312583
3.0117945522733787, 0.007627157393332059
3.060224662651504, 0.008317578097303883
3.0929432803889463, 0.009085760434779846
3.14088832944627, 0.010185346490723052
3.180503653836356, 0.011470151053726096
3.2373797096961097, 0.013181461596578608
3.294855692397943, 0.015312886256691784
3.3408511923384796, 0.016962735106416483
3.421106602821767, 0.01915207473646695
3.495315419686058, 0.02325087785076219
3.54007327678889, 0.026314945030050222
3.5894919631877316, 0.02958973053680339
